username,password,first_name,last_name,gender,email,phone,photoUrl,type
lpeppard0,abc123,Latisha,Peppard,Female,lpeppard0@ustream.tv,417-726-7711,https://randomuser.me/api/portraits/women/60.jpg,patient
rattree4,abc123,Renard,Attree,Male,rattree4@wired.com,769-690-4071,https://icio.us,patient
lwarratt8,abc123,Lavinia,Warratt,Female,lwarratt8@mail.ru,693-173-1862,https://rakuten.co.jp,patient
wbolton1,abc123,Waylon,Bolton,Male,wbolton1@delicious.com,236-320-3369,http://so-net.ne.jp,doctor
gambler5,abc123,Gerard,Ambler,Male,gambler5@ihg.com,800-166-8282,https://etsy.com,doctor
vpelchat9,abc123,Vivyan,Pelchat,Female,vpelchat9@yellowpages.com,788-578-7921,https://studiopress.com,doctor
bnoddle2,abc123,Bink,Noddle,Male,bnoddle2@cdc.gov,402-658-7486,https://tiny.cc,agent
kschuchmacher6,abc123,Kelsi,Schuchmacher,Female,kschuchmacher6@weebly.com,643-573-5394,http://oaic.gov.au,agent
mguiua,abc123,Marietta,Guiu,Female,mguiua@pbs.org,252-560-2669,https://sohu.com,agent
nwoolacott3,abc123,Nixie,Woolacott,Female,nwoolacott3@go.com,493-942-3728,https://statcounter.com,approver
adouble7,abc123,Aggie,Double,Female,adouble7@wsj.com,127-268-9206,http://alibaba.com,approver
emcdermottrowb,abc123,Emily,McDermott-Row,Female,emcdermottrowb@guardian.co.uk,713-897-1810,https://mozilla.com,approver
